{"General": {"k_ex": 25.10303838496613, "k_ex stdev": 0.7853622536229263, "lock_error": -0.04613527271212969, "lock error stdev": 1.0397548822769132, "Scattering S-direction": 0.0028867025778242764, "Scattering N-direction": 0.007862172207136, "Mu before cavity": [0.11483459585264277, 0.2717958037009928, 0.593080401512433, 0.9459116922665795, 1.2437068104287181], "Mu after cavity": [0.05717706260586426, 0.13234367719690618, 0.2869569745706502, 0.45675409889983387, 0.5994026103592124], "Transmission without atom": [0.0547761022217106, 0.12964659836537357, 0.28289935152143053, 0.4511998772111584, 0.5932481485744985], "Transmission with atom": [0.029149223668250786, 0.07728367020946564, 0.173629615129775, 0.30076582498186005, 0.39998131474150117], "Transmission error with atom": [0.004297818558043522, 0.007846967817463224, 0.013857151859023444, 0.031703501642741626, 0.03417270991930195], "Reflection without atom": [0.002400960384153661, 0.0026970788315326113, 0.004057623049219686, 0.00555422168867547, 0.006154461784713886], "Reflection with atom": [0.03221577631347438, 0.07166381569312932, 0.1283065979865956, 0.2570234936898555, 0.27021678236512], "Reflection error with atom": [0.005158652784474308, 0.008627309587598707, 0.01360047218566196, 0.03346160873996894, 0.032068832104708477], "MZ balancing QBER": 5.344540617163542, "MZ balancing QBER error": 0.6974514222082211}, "PNSA Bob": {"QBER": [0.23529411764705882, 0.2711864406779661, 0.2345679012345679, 0.24074074074074073, 0.2786885245901639], "QBER error": [0.07274669910598144, 0.057878357986615475, 0.047080939099397846, 0.05817989924114688, 0.05740583606190164], "QBER no atoms": [0.5, 0.4521072796934866, 0.40540540540540543, 0.29590017825311943, 0.2398042414355628], "QBER no atoms error": [0.0337099931231621, 0.03080691862269657, 0.024336495615716117, 0.019271179647241152, 0.017244909276728754], "Information gain": [0.0, 0.18960041712091766, 0.19315098672992365, 0.14819342947382072, 0.31600069520152946], "Information error gain": [0.0, 0.08074675287527534, 0.07129232880681872, 0.07660917771140134, 0.10702392716730308]}, "COW": {"QBER": [0.48148148148148145, 0.5166666666666667], "QBER error": [0.09615902424319278, 0.04561818188528033], "Mu before cavity": [0.1287995741646935, 1.1558115616667475], "Mu after cavity": [0.06413447570809142, 0.2190054973541224], "MZ balancing qber": [5.354682181071349, 7.518498986485649], "MZ balancing QBER error": [7171418564303327, 0.944491041256074]}}